Model,Metric,Mean (Same Folder),Mean (Different Folder),Std (Same Folder),Std (Different Folder),Min (Same Folder),Max (Same Folder),Min (Different Folder),Max (Different Folder),Separation (Mean Diff),Dynamic Range (Same Folder),Dynamic Range (Different Folder),SNR,Kurtosis (Same Folder),Kurtosis (Different Folder),Skewness (Same Folder),Skewness (Different Folder),Overlap Percentage,Separation Ratio,Median (Same Folder),Median (Different Folder),Suggested Threshold,False Positive Rate,False Negative Rate,Composite Score
Facenet512,manhattan,264.5753839904326,489.4823289743322,36.96684446146786,21.906038946830524,190.2341361772269,335.82613429258345,445.346840213053,538.6548955139588,224.90694498389956,145.59199811535655,93.30805530090583,3.820212837616817,-0.3738097740666672,-0.3194522072634562,0.1381198039305763,0.1905281819239969,0.0005880199843789,0.9414269346856066,265.15129738510586,491.9211050616577,377.0288564823824,0.0,0.0,200.23202544805594
Facenet512,canberra,239.150981315887,342.4941323478894,19.79762637004301,8.196725353557511,197.96168662792672,274.51702808325206,326.9047037450614,360.1085160836244,103.34315103200235,76.55534145532533,33.20381233856301,3.6915715017211617,-0.7106626501605451,-0.3000876661811875,-0.200694357240065,0.0599614140162517,0.0004119814827616,0.941544713674321,241.9489027257734,342.80259338105384,290.82255683188816,0.0,0.0,93.97900898930102
Facenet512,hamming,100.9,185.16,17.172361514946044,9.272238133266422,64.0,130.0,165.0,203.0,84.25999999999999,66.0,38.0,3.186283820549183,-0.3736170735686062,-0.1314782546031745,-0.5195801707981366,-0.3143999414986968,0.0271899757529633,0.8101923076923077,103.0,186.0,143.03,0.0,0.0,75.02873830898466
ArcFace,canberra,288.57027485723876,361.6158679335201,17.767432311919205,10.166145018549868,251.17820526307025,315.5867641692955,339.27261733128455,380.24910217278995,73.04559307628136,64.4085589062253,40.97648484150539,2.6149745237465707,-0.6707035813908626,-0.4205893558805016,-0.5056679872520468,-0.3422315480752725,0.493020803687887,0.6931305475484446,292.7435375919607,360.9422984296024,325.0930713953794,0.0,0.0,62.28830532160426
Facenet,manhattan,72.75135013293475,127.1162312882766,8.898486619172559,6.451169683637945,58.63925925642252,86.39025299437344,113.50806236080824,141.67183576524258,54.36488115534186,27.75099373795092,28.163773404434323,3.5417653713450066,-1.336440400204213,-0.1439475601750492,-0.1221051919483054,0.389484328273615,0.0010654670037941,0.9722812761949514,74.20052939001471,127.31787503696978,99.93379071060568,0.0,0.0,51.20388655807581
ArcFace,manhattan,67.73909114598646,99.41941334981703,6.7070386233439745,6.071995081884171,53.53604758018628,78.70775975938886,85.79562870250084,109.11208613630151,31.68032220383057,25.171712179202583,23.31645743380068,2.479085894488998,-0.915965701901746,-0.1727621001384216,-0.286335034613652,-0.6224816629613764,1.7993389810099494,0.6533618912959489,68.13198211669805,100.06608228059486,83.57925224790175,0.0,0.0,28.063385340799456
Facenet,canberra,59.02848091316032,83.2424320917857,6.2811826171387395,3.0351545416070738,48.419874031564255,68.34949463226914,76.83933631253743,89.12081291278241,24.21395117862538,19.929620600704887,12.281476600244986,2.599084894205902,-1.3886770878308223,-0.5676889754947636,0.0353833892357357,0.0667708412319237,0.4300203036489057,0.7517269910914843,57.72067861132378,83.06149418632856,71.135456502473,0.0,0.0,22.82059042382008
Facenet,hamming,24.4,45.8,4.3977266854592045,3.3823069050575527,17.0,36.0,39.0,53.0,21.4,19.0,14.0,2.7506307975437148,0.5019746783461261,-0.2847816519145185,0.4823870520640833,0.0793929930279072,2.1128438424843177,0.6484848484848484,24.0,45.0,35.099999999999994,5.0,0.0,20.48653008227332
Facenet512,hausdorff,14.59202790291452,27.05008769463164,2.020630314935437,1.15549021666834,10.470301099202944,18.52851683932539,24.845530857931216,29.758814933326352,12.45805979171712,8.058215740122447,4.913284075395136,3.9224140481301073,-0.3582689426590795,-0.3826992929295705,0.0725079268076337,0.2905837142616977,0.0001614009523157,0.9604178367110452,14.629868304754536,27.04010880509967,20.82105779877308,0.0,0.0,15.752799130565919
Facenet512,euclidean,14.59202790291452,27.050087694631635,2.0206303149354348,1.155490216668341,10.470301099202947,18.528516839325395,24.8455308579312,29.758814933326356,12.458059791717115,8.058215740122446,4.913284075395154,3.922414048130108,-0.3582689426590808,-0.3826992929295612,0.0725079268076345,0.2905837142616922,0.0001614009523157,0.9604178367110436,14.629868304754538,27.04010880509967,20.821057798773076,0.0,0.0,15.752799130565915
SFace,manhattan,81.83010044293478,106.80409070979805,13.52827801017684,6.3982651151171765,60.12718770001083,104.26352325454354,93.15918933227658,121.64537366107106,24.973990266863257,44.13633555453271,28.48618432879448,1.2533026983070734,-1.1863519368879742,-0.2198724692526017,-0.0092198088583134,0.1034328223889608,25.5263651546091,0.3438876853486439,84.29521315032616,106.91086777020246,94.3170955763664,15.0,4.0,11.502636056950147
Facenet,euclidean,8.053155434408733,14.073068651532274,0.9215918008943232,0.5450520928893589,6.458594241429656,9.404475097546964,13.008964045003706,15.43374865122835,6.019913217123541,2.9458808561173075,2.4247846062246445,4.104550015609603,-1.1937001358401955,0.0673320994253106,-0.1144057220066922,0.3939749271895104,1.6502505215599806e-06,1.1208877669506667,8.149106348607864,13.997656926009435,11.063112042970504,0.0,0.0,10.512028722741865
Facenet,hausdorff,8.053155434408733,14.073068651532273,0.9215918008943232,0.5450520928893593,6.458594241429656,9.404475097546964,13.0089640450037,15.433748651228347,6.019913217123538,2.9458808561173075,2.424784606224648,4.1045500156095995,-1.193700135840196,0.0673320994253141,-0.1144057220066946,0.3939749271895171,1.6502505215600822e-06,1.1208877669506654,8.149106348607862,13.997656926009435,11.063112042970502,0.0,0.0,10.512028722741857
Facenet512,minkowski,5.996196878308931,11.144527251256388,0.8435804649420621,0.4573540219797769,4.252449164090746,7.606244543512114,10.340683126107267,12.224440839148896,5.148330372947457,3.353795379421368,1.8837577130416283,3.9574094043190446,-0.3534960049538229,-0.4829566305440687,0.0289760832528433,0.3511160700257681,6.161911309118768e-05,0.9829648085775144,6.013089022030941,11.144395870468983,8.57036206478266,0.0,0.0,9.438225018560479
Facenet,minkowski,4.175150101290148,7.285544133403297,0.4655136551488794,0.2900085582937866,3.2997603320560684,4.953109180916835,6.652879888005395,7.919951141219423,3.110394032113149,1.6533488488607664,1.267071253214028,4.116879658561073,-1.0361671005250035,-0.2772540954824252,-0.051888738794656,-0.0191693216485376,1.06919982096874e-05,1.0650502062711418,4.13581056397091,7.294789429749354,5.730347117346723,0.0,0.0,7.914560651824389
Facenet512,cosine,0.2326420244427887,0.7894131672878733,0.0607001232202942,0.050986408718755,0.1258617936399215,0.3516835388708645,0.7143847412563835,0.9149494718783916,0.5567711428450844,0.225821745230943,0.200564730622008,4.985123391143809,-0.5187988383838196,-0.40736297698191,0.2453409116822954,0.4869658181857549,4.68906358854226e-11,1.3057898746232734,0.2316007394683927,0.7802905358465231,0.511027595865331,0.0,0.0,6.791841142633263
Facenet512,correlation,0.2323932913805028,0.7890854905784681,0.0606282588216284,0.0511434101001237,0.1260168601615586,0.351679482826748,0.7139522758433613,0.914959713377807,0.5566921991979652,0.2256626226651893,0.2010074375344457,4.980619906352902,-0.515798455761936,-0.4092992292152102,0.2494802139464272,0.4871959954903914,5.0592137585679316e-11,1.3047369645235805,0.2314833784130082,0.7793143102762246,0.5107393909794855,0.0,0.0,6.786163235603453
Facenet,mse,0.5133019054548638,1.5495964301148712,0.1153567517096822,0.1208094642294308,0.3258862466830338,0.6909699364092265,1.3221339494078057,1.8609421674163515,1.0362945246600077,0.3650836897261927,0.5388082180085458,4.387988013184657,-1.234216505472909,0.2015402264794836,0.0211313345658093,0.5046547757095561,9.442075127354212e-08,1.1464805866633831,0.5190364492392403,1.5307374954551562,1.0314491677848676,0.0,0.0,6.452679997654341
Facenet512,mse,0.4238480960724066,1.431723441265777,0.1162030137764115,0.122894367212992,0.214115634976505,0.6705194067678999,1.2056648508054917,1.729662238742124,1.0078753451933706,0.4564037717913948,0.5239973879366324,4.215334107896556,-0.2564240563631008,-0.2817806250810988,0.4058590444384279,0.3886721783344588,1.1024999902087384e-05,1.0280234118378286,0.4180379199733231,1.4280614925617756,0.9277857686690918,0.0,0.0,6.131681969433073
Facenet,cosine,0.2381416535656935,0.7174789267702762,0.0558831198699713,0.0534660961719743,0.1500902435658961,0.3279378117096972,0.6240243790792258,0.8558437393694742,0.4793372732045827,0.1778475681438011,0.2318193602902484,4.383545585006407,-1.3064285063049978,-0.0417155550329177,0.0158268073918414,0.5329912875936386,5.2644435767916e-08,1.1700658264918964,0.2386581243700035,0.7025302705035267,0.4778102901679849,0.0,0.0,5.978274066153026
Facenet512,braycurtis,0.3625388471804051,0.8076960509147397,0.0552812632342454,0.0452536051617807,0.2583456329842766,0.4714207564992775,0.739649852042751,0.9125645938801988,0.4451572037343346,0.2130751235150008,0.1729147418374478,4.427888660288234,-0.576849856623475,-0.5197824400492239,0.1018423609319625,0.3294650450499501,1.0917062871760234e-07,1.1532872847007525,0.3649766225069021,0.8143986100750037,0.5851174490475725,0.0,0.0,5.976065692691182
Facenet,correlation,0.2387812697131087,0.7041230746477075,0.0554668664599282,0.0513774100158351,0.1523408971170683,0.3257731691676764,0.6169658526659854,0.8331845338231986,0.4653418049345987,0.173432272050608,0.2162186811572132,4.355327400622691,-1.3432209663061618,-0.3102834263480236,0.0347377031886403,0.5236622189991299,4.4799367338567094e-08,1.1942529617947772,0.2376058258526575,0.6947056704097467,0.4714521721804081,0.0,0.0,5.961500020154312
Facenet,braycurtis,0.362285145120432,0.7566361393339227,0.0537944261736497,0.0530593823632952,0.2744886787481179,0.4537049313464425,0.6510362051798098,0.8765205406689313,0.3943509942134907,0.1792162525983245,0.2254843354891215,3.690565639287839,-1.367230649522497,-0.0809963764736023,-0.0598029142557481,0.5259246014663268,0.0004289962761477,0.9744265410562758,0.3633786816992678,0.7579303225767843,0.5594606422271773,0.0,0.0,5.005830471033904
ArcFace,correlation,0.4285974775392581,0.90771749691,0.0865540938716178,0.0636258969904174,0.2604337698655602,0.5692158927878506,0.7842940360511023,0.9917217493660014,0.479120019370742,0.3087821229222903,0.2074277133148991,3.1903052904756897,-0.8362940273533592,-0.9357023019259496,-0.0968964356988547,-0.527506276670669,0.0220878831751397,0.9281497285351892,0.433484288609592,0.9247425148469178,0.6681574872246292,0.0,0.0,4.518067466315575
ArcFace,cosine,0.4287427963103957,0.9078335851714804,0.0865953713356491,0.0636402246037656,0.2603537171605772,0.5693590474795565,0.784335754502712,0.9918661821643712,0.4790907888610846,0.3090053303189792,0.207530427661659,3.188929932785614,-0.8360435502990602,-0.9358431167113634,-0.0990406153787548,-0.5277418791912031,0.0221594922239197,0.927507498675518,0.4335925988031373,0.924887257938776,0.6682881907409379,0.0,0.0,4.515978523907725
ArcFace,braycurtis,0.5261884185773191,0.9189445797327898,0.0664518527842837,0.0602799460729496,0.4082838712417125,0.6337836046631344,0.8040569491356975,1.0173815352292783,0.3927561611554706,0.2254997334214218,0.2133245860935808,3.0991129668878186,-1.0054320088115711,-1.0624198271415954,-0.1830993765623353,-0.3715471710072875,0.0281491256836152,0.8950191310945402,0.5338345172433482,0.9396470909016612,0.7225664991550544,0.0,0.0,4.31789253457249
ArcFace,hausdorff,3.7955143715524,5.5356174853595475,0.3843685063984325,0.3129417976158638,3.01059263668153,4.442466110875929,4.87317379206664,6.1560622237806495,1.7401031138071472,1.4318734741943993,1.2828884317140092,2.4954501658582564,-0.9839694182274809,-0.2382354205339889,-0.1818841094470035,-0.21832195352457,1.3242318366870258,0.6409781682953435,3.783259567717793,5.516811383735773,4.665565928455974,0.0,0.0,4.263029928616194
ArcFace,euclidean,3.795514371552401,5.535617485359544,0.3843685063984327,0.3129417976158639,3.01059263668153,4.442466110875932,4.8731737920666385,6.156062223780649,1.7401031138071428,1.431873474194402,1.28288843171401,2.4954501658582497,-0.9839694182274769,-0.2382354205339876,-0.1818841094470078,-0.2183219535245576,1.324231836687062,0.6409781682953409,3.783259567717793,5.516811383735769,4.6655659284559725,0.0,0.0,4.263029928616173
VGG-Face,manhattan,19.36685759340209,28.89899604566075,3.9236091320548994,2.5875290645236917,14.683127330477928,26.568410303878487,24.290602263555485,33.779404821181586,9.532138452258655,11.88528297340056,9.4888025576261,1.46397421840432,-1.1418640233233794,-1.2069806336794566,0.449055858856073,0.1679804834775872,20.59976325378427,0.4459670772076676,18.973559293846133,28.287586194860697,24.13292681953142,20.0,0.0,4.066557998824493
Facenet512,chebyshev,2.032606003805995,3.696932439804077,0.4242639054280572,0.2581926012620329,1.2363759726285934,3.082332134246826,3.1645772457122803,4.268760323524475,1.664326435998082,1.8459561616182327,1.1041830778121948,2.4387289441638633,0.1439745296594896,-0.2268351202158709,0.4147284617658411,0.3809529899562137,3.578161521181702,0.5641518250234885,1.9993379712104795,3.6863121390342712,2.864769221805036,5.0,0.0,3.6103466476040484
ArcFace,minkowski,1.585255743301024,2.300271276952701,0.165859326996357,0.122832108627841,1.2564025162876338,1.8758764624771576,2.064155333681731,2.567607830079433,0.7150155336516772,0.619473946189524,0.5034524963977018,2.4767466069982196,-0.9370964402891264,-0.3307115141403045,-0.0448208410020983,-0.0028908493935364,1.3087810955283097,0.6367429838095889,1.5563916846109875,2.3051722467795592,1.9427635101268623,0.0,0.0,3.4224031875417245
ArcFace,mse,0.0284251337761167,0.0600410029549089,0.0056534948229416,0.0067298002328824,0.0177024766094551,0.0385459084888303,0.04638246642126,0.0740177775450373,0.0316158691787921,0.0208434318793751,0.0276353111237773,2.5531063449806624,-1.0691329302873074,-0.2872625457684457,-0.0338157418520248,-0.0723447845984429,1.1974020179952234,0.6521594253534226,0.0279665616495636,0.0594437653197589,0.0442330683655128,0.0,0.0,2.9912095883859204
VGG-Face,jensenshannon,0.5504156153675931,0.7400376538725421,0.0538075483986507,0.0256329746416342,0.4669556480166543,0.6458937632013937,0.6853456090949517,0.7847806037890267,0.1896220385049489,0.1789381151847394,0.099434994694075,2.3869686558935412,-0.9574870465980352,-0.6820709296613194,0.4100868805374667,-0.3111123192256192,2.8062867736830266,0.6811794378684711,0.5397864714948778,0.7479220190405588,0.6452266346200676,5.0,0.0,2.6567925160102135
VGG-Face,braycurtis,0.5647219495847983,0.8472513847122203,0.0766743536415572,0.0434413346375259,0.4507947980340044,0.7068231322550668,0.756207073902041,0.922005527869802,0.282529435127422,0.2560283342210623,0.1657984539677609,2.352144329981094,-0.8853632142835091,-0.8495001233753898,0.4768318609740049,-0.2393473188619222,3.1779250229582097,0.6697759436770353,0.5484361780355229,0.8599999184168496,0.7059866671485093,5.0,0.0,2.6088068600543672
VGG-Face,minkowski,0.3691389747427979,0.496789193848543,0.0368413018322487,0.0184070488172806,0.3102759248122157,0.4350773439824233,0.4592006785717622,0.5319820407803963,0.1276502191057451,0.1248014191702076,0.0727813622086341,2.310480179136938,-1.0293854820835917,-0.6409203345717773,0.2829275683053904,0.0909893279303285,2.7257468518573464,0.6460594299509876,0.3691131891765151,0.4935348424265327,0.4329640842956704,5.0,0.0,2.511416282497436
Facenet,chebyshev,1.9469707943499088,3.3241221070289613,0.3097202000602757,0.3828895294706747,1.412746787071228,2.6959840655326843,2.815418064594269,4.213094711303711,1.3771513126790524,1.2832372784614563,1.397676646709442,1.9883510929187893,0.0909561222078214,-0.4702705997226739,0.704854113710612,0.6766780116242721,6.694532749713666,0.513687254092376,1.9440191686153412,3.270694613456726,2.635546450689435,5.0,0.0,2.1939782449820093
VGG-Face,cosine,0.433045420396053,0.8099004273810486,0.1035226887846813,0.0647977262703813,0.2906327107926807,0.6232321337266357,0.6771526997565356,0.922805164289195,0.3768550069849956,0.3325994229339549,0.2456524645326594,2.2389144350773793,-0.8509545279808175,-0.6992184283033294,0.5548872073413812,-0.2531942213176708,5.069238406181022,0.6517142704644496,0.4027871784815986,0.8254008316083508,0.6214729238885508,5.0,0.0,2.169475823763089
VGG-Face,hausdorff,0.9242068641001868,1.2716804114439832,0.1092360432375961,0.0512814382770178,0.7624076479058702,1.116451641341116,1.1637462779803307,1.3585324171982025,0.3474735473437964,0.3540439934352456,0.1947861392178718,2.1647084421279152,-0.9587022616023084,-0.6448146643426926,0.404780156714663,-0.3289336668355227,5.610191629804281,0.6331167453653891,0.8975008789345478,1.2848352669570933,1.097943637772085,15.0,0.0,1.943001668118938
VGG-Face,euclidean,0.9242068641001866,1.2716804114439832,0.1092360432375959,0.0512814382770181,0.7624076479058705,1.1164516413411163,1.1637462779803298,1.3585324171982025,0.3474735473437966,0.3540439934352458,0.1947861392178727,2.1647084421279144,-0.9587022616023037,-0.64481466434269,0.4047801567146686,-0.3289336668355244,5.610191629804332,0.6331167453653882,0.8975008789345476,1.2848352669570926,1.0979436377720848,15.0,0.0,1.943001668118926
VGG-Face,mse,0.0002114479591777,0.0003954591930571,5.054818788314524e-05,3.163951478045968e-05,0.0001419105033167,0.0003043125652962,0.0003306409666779,0.0004505884591255,0.0001840112338793,0.0001624020619794,0.0001199474924475,2.238914435077378,-0.8509545279808175,-0.6992184283033285,0.5548872073413812,-0.2531942213176734,5.069238406181042,0.6517142704644495,0.0001966734269929,0.0004030277498087,0.0003034535761174,5.0,0.0,1.8769239416881662
VGG-Face,correlation,0.4668805861109094,0.8713099052694022,0.1155570531717447,0.0723322003317835,0.3119101090951931,0.6756445578340708,0.7224507876806814,0.9924130042932152,0.4044293191584928,0.3637344487388777,0.2699622166125339,2.152487764026899,-0.8664235268147258,-0.793422525965715,0.5595862981504562,-0.2637822813520318,6.34332512596929,0.6382064815414794,0.4342303854228414,0.8842067505283212,0.6690952456901558,10.0,0.0,1.8325139127812489
SFace,canberra,74.92225582090411,88.18506132188523,9.877505620487288,3.4879576367719434,59.67452938857834,90.33795042206484,81.47480130092792,95.22267258076305,13.262805500981116,30.663421033486493,13.747871279835124,0.9923191770983054,-1.310038148443595,-0.5096492003005539,0.0242812620483249,-0.2231927191204271,34.29499520827377,0.2986358831310748,74.6396796925857,88.41915844150728,81.55365857139466,35.0,8.0,1.0120298909261276
ArcFace,chebyshev,0.5842424707952887,0.853850566521287,0.0869423230456815,0.0858170638466661,0.4236488491296768,0.7684237957000732,0.70583376288414,1.0131069123744965,0.2696080957259983,0.3447749465703964,0.3072731494903564,1.560598822303071,-0.6654147136105579,-0.9517289181469888,0.0008195951270952,0.2193412061303291,14.430892495658403,0.4134788481935514,0.5966730713844299,0.8430343270301819,0.7190465186582878,5.0,4.0,-0.7288724263552342
SFace,euclidean,9.075041631893471,11.678777761187025,1.383182543762492,0.7383003981569909,6.833686012466215,11.36961848741482,10.225814317274484,13.343195971714152,2.6037361292935515,4.535932474948606,3.1173816544396686,1.2273189087901566,-1.211218430454088,-0.4496728895141619,-0.0853327359047883,0.2128544949504583,26.58409673727082,0.3402102782238296,9.531110674431272,11.645551311928584,10.376909696540247,15.0,4.0,-2.206295502106368
SFace,hausdorff,9.075041631893471,11.678777761187025,1.383182543762493,0.7383003981569911,6.833686012466213,11.369618487414822,10.225814317274484,13.343195971714149,2.6037361292935515,4.535932474948609,3.117381654439665,1.227318908790156,-1.211218430454088,-0.4496728895141717,-0.0853327359047885,0.2128544949504536,26.58409673727085,0.3402102782238296,9.531110674431268,11.645551311928584,10.376909696540247,15.0,4.0,-2.206295502106376
SFace,hamming,38.6,49.88,9.107140056021978,4.5017329996346955,25.0,54.0,41.0,61.0,11.28,29.0,20.0,0.8288709839431817,-1.2293993310349125,0.5315228638152409,0.3303015243073954,0.646904930515978,40.00386271109218,0.230204081632653,37.5,50.0,44.24,30.0,12.0,-2.4661340044709394
OpenFace,canberra,67.39693985291102,82.08178035093597,10.547113896239948,7.814061322402813,44.26502819028502,87.16843407332844,66.66571111568798,97.42406753000093,14.684840498024954,42.90340588304342,30.758356414312928,0.799776720343854,-0.5234950019938878,-0.3649641717969829,-0.0585049903765603,-0.3356364239113216,48.487289237802166,0.1993549983062512,65.09627804970329,82.91768425678504,74.7393601019235,30.0,16.0,-3.194073240206756
SFace,mse,0.6583560513278832,1.0698354490087143,0.1953038988940883,0.1357327405417857,0.3648380040388781,1.0099080042919133,0.8169318629013735,1.3909443651528814,0.4114793976808311,0.6450700002530352,0.5740125022515079,1.2430025823789204,-1.1633434270104213,-0.3725415956612736,0.096220814055131,0.3543165908846232,26.430891519284778,0.3375320348175513,0.7098516439505707,1.0595223856153249,0.8640957501682988,15.0,4.0,-3.4596826086975905
SFace,minkowski,4.712178255614388,6.005175684231972,0.680085207766784,0.4135743734594992,3.618039613531117,5.820952107487886,5.333059843320586,6.83239923463309,1.2929974286175838,2.2029124939567692,1.4993393913125042,1.1822668139274104,-1.243119748805688,-0.8351134988961055,-0.0939954640816848,0.2763315232930695,29.186185672024607,0.3492462070887813,4.919587343701569,5.930233577533377,5.35867696992318,15.0,8.0,-3.559556475384288
SFace,correlation,0.5516233065778903,0.8785237010273406,0.1956382609133632,0.0842553187683167,0.2800282753962955,0.9348828925659308,0.6872123264566812,1.1264328365756195,0.3269003944494503,0.6548546171696352,0.4392205101189383,1.1679453127193224,-0.9424295336247924,1.4459746926781776,0.4372054668446211,0.5563687458944883,27.077823477952407,0.2987915420941902,0.5170731991409039,0.8523146891816993,0.7150735038026155,25.0,4.0,-3.7618742361683593
SFace,cosine,0.5483264179218403,0.868807127215662,0.196451364852674,0.0882671958744887,0.2642592946453278,0.935664045412944,0.6782006940038319,1.1256061442455434,0.3204807092938216,0.6714047507676161,0.4474054502417115,1.1256052590155112,-0.8994435299828965,1.2382794912722197,0.4519177179360834,0.5487047795693991,28.968117616387033,0.2864477898080496,0.5066664966757728,0.8551588463327153,0.7085667725687512,30.0,4.0,-4.203449045523606
VGG-Face,chebyshev,0.1262935836171141,0.1743543966391564,0.0178989103387803,0.0270366105805931,0.0964059609271016,0.1621856280921312,0.1465785836080667,0.2329237176131846,0.0480608130220422,0.0657796671650296,0.0863451340051179,1.0695505924650668,-0.4550712528103249,0.0886476596458902,0.5043261778952987,1.191995846087592,29.446347095840824,0.3159301616327998,0.12311737369331,0.1600339310675366,0.1503239901281353,15.0,12.0,-4.478195612507943
SFace,braycurtis,0.606296693525321,0.8741728742090463,0.1672091975716709,0.0799025499367379,0.3743135029485362,0.9270840647570896,0.7090426364413199,1.1087045609202208,0.2678761806837253,0.5527705618085533,0.3996619244789009,1.0840285149721984,-0.9239816327186016,1.422221439361982,0.4625274049102681,0.7384827343341464,30.31079992785241,0.281254770852994,0.5729215376038292,0.8468211830100656,0.7402347838671837,30.0,4.0,-4.552556392815769
SFace,chebyshev,2.175906128063798,2.804932970404625,0.2631777549347969,0.3805872554207367,1.6817142218351364,2.869432806968689,2.1522938013076782,3.527100682258606,0.629026842340827,1.1877185851335526,1.3748068809509275,0.9771062922376488,0.6198892730438126,-0.9135312193574928,0.3255064567684668,0.3926434639878124,34.54323124883705,0.2454714502025906,2.2051080465316772,2.661304235458374,2.4904195492342116,5.0,20.0,-5.378924170164112
OpenFace,chebyshev,0.2017943830403964,0.2950298566091806,0.0550086587164898,0.0514392429494571,0.1080802641808986,0.3345946744084358,0.182992085814476,0.3705128580331802,0.093235473568784,0.2265144102275371,0.1875207722187042,0.8758789239582576,-0.1876584435769408,-0.6066659189924426,0.2462684399991343,-0.6853012301319821,39.965197036437125,0.2251873210820431,0.2147220410406589,0.3068138360977173,0.2484121198247885,20.0,24.0,-6.851961639511314
OpenFace,manhattan,7.699451643736029,10.576722201532466,1.940969570326352,1.6408685045604612,3.993886812706478,12.01665810862869,7.558085835771635,13.830949368595611,2.877270557796437,8.022771295922212,6.272863532823976,0.8032944252755924,-0.1290566565750239,-0.5684422958708364,0.3997778303562297,-0.0897615824598444,46.21116860238829,0.201269170083354,7.33605413386249,10.77136870258255,9.138086922634248,15.0,24.0,-7.151318604765683
OpenFace,cosine,0.3757633999543587,0.6958209701269792,0.1858278354182378,0.2160511871695565,0.0996817498159845,0.8414965272628829,0.3417966850745989,1.168727677976428,0.3200575701726205,0.7418147774468984,0.826930992901829,0.7964027784075263,0.4263235353195598,-0.4574189781022446,0.9531640685603416,0.2314299063970773,45.13035547610378,0.2040213119436635,0.32734800234357,0.7123113642258776,0.535792185040669,15.0,28.000000000000004,-7.906528945990843
OpenFace,correlation,0.3751827388634302,0.6936849217727845,0.1861817522477363,0.2164202910195101,0.1001320300961213,0.8437744507354439,0.3396332760240899,1.170408341801044,0.3185021829093543,0.7436424206393225,0.8307750657769541,0.7911092063135237,0.4587127039269711,-0.4312580977229268,0.9690383507376844,0.2497105096864553,45.24348020384794,0.202298428248746,0.3262563839389337,0.7075907258121461,0.5344338303181073,15.0,28.000000000000004,-7.938087244931587
OpenFace,minkowski,0.4334702215458502,0.6051670669777411,0.1073235161525515,0.0994540502090647,0.2343847332064121,0.6674099295724186,0.4254755608115996,0.79227944496767,0.1716968454318909,0.4330251963660065,0.3668038841560704,0.8303456146283512,-0.2065688431877594,-0.7465933089338659,0.3312567522427433,-0.183279532928481,45.6407311743068,0.2146669202372816,0.4222118236924838,0.6213067005600086,0.5193186442617956,15.0,24.0,-8.014825637744645
OpenFace,mse,0.0058713029955095,0.0108722024021678,0.0029035598819673,0.0033757997584786,0.0015575272684455,0.0131483833841618,0.005340573115214,0.0182613703661601,0.0050008994066583,0.0115908561157162,0.012920797250946,0.7964027692325497,0.4263235399382203,-0.4574188146636517,0.9531640491363476,0.2314299544229082,45.13035635202022,0.2040213008829469,0.0051148121674988,0.011129864587613,0.0083717526988387,15.0,28.000000000000004,-8.023785980702112
OpenFace,hausdorff,0.8414190864560315,1.164901911665564,0.2086640945939743,0.1861328656508659,0.4465013889799621,1.2973022289245923,0.8267970481003187,1.5288739015590835,0.3234828252095326,0.8508008399446302,0.7020768534587648,0.8193650351535611,-0.1447576675976583,-0.6603704261379133,0.3697350956501516,-0.0981917969988069,45.95840742356535,0.2083118500469699,0.8089289770889254,1.1935755808554698,1.003160499060798,15.0,24.0,-8.037920254425426
OpenFace,euclidean,0.8414190864560315,1.164901911665564,0.2086640945939742,0.1861328656508659,0.4465013889799621,1.297302228924592,0.8267970481003184,1.5288739015590835,0.3234828252095326,0.8508008399446297,0.7020768534587651,0.8193650351535613,-0.1447576675976609,-0.660370426137912,0.3697350956501501,-0.0981917969988072,45.95840742356535,0.20831185004697,0.8089289770889255,1.1935755808554696,1.003160499060798,15.0,24.0,-8.037920254425426
OpenFace,braycurtis,0.4788706709863105,0.7410934444345609,0.1539122356183755,0.186272261707128,0.2260218237415587,0.8543461763686014,0.4550515875989732,1.2101322282693134,0.2622227734482504,0.6283243526270428,0.7550806406703403,0.7708251713697116,0.2004980980315429,0.2083249829894251,0.8059568642589162,0.5873723019294258,46.48561245375421,0.1895488123280771,0.4367968207738494,0.7464626591665265,0.6099820577104357,15.0,28.000000000000004,-8.244617982267556
ArcFace,hamming,4.4,4.64,2.4166091947189146,2.5436980952935433,1.0,10.0,0.0,10.0,0.2399999999999993,9.0,10.0,0.0483840992035387,-0.2027115781572535,-0.1807586870830353,0.866435342964876,0.5805235144043672,86.11735510846059,0.0126315789473683,3.5,4.0,4.52,40.0,56.00000000000001,-19.40260898854744
ArcFace,jensenshannon,inf,inf,,,inf,inf,inf,inf,,,,,,,,,100.0,,inf,inf,inf,0.0,100.0,
Facenet,jensenshannon,inf,inf,,,inf,inf,inf,inf,,,,,,,,,100.0,,inf,inf,inf,0.0,100.0,
Facenet512,jensenshannon,inf,inf,,,inf,inf,inf,inf,,,,,,,,,100.0,,inf,inf,inf,0.0,100.0,
OpenFace,hamming,0.0,0.0,0.0,0.0,0.0,0.0,0.0,0.0,0.0,0.0,0.0,,,,,,100.0,,0.0,0.0,0.0,0.0,100.0,
OpenFace,jensenshannon,inf,inf,,,inf,inf,inf,inf,,,,,,,,,100.0,,inf,inf,inf,0.0,100.0,
VGG-Face,hamming,0.0,0.0,0.0,0.0,0.0,0.0,0.0,0.0,0.0,0.0,0.0,,,,,,100.0,,0.0,0.0,0.0,0.0,100.0,
VGG-Face,canberra,,,,,,,,,,,,,,,,,100.0,,,,,0.0,0.0,
SFace,jensenshannon,inf,inf,,,inf,inf,inf,inf,,,,,,,,,100.0,,inf,inf,inf,0.0,100.0,
