Model,Metric,Mean (Same Folder),Mean (Different Folder),Std (Same Folder),Std (Different Folder),Min (Same Folder),Max (Same Folder),Min (Different Folder),Max (Different Folder),Separation (Mean Diff),Dynamic Range (Same Folder),Dynamic Range (Different Folder),SNR,Kurtosis (Same Folder),Kurtosis (Different Folder),Skewness (Same Folder),Skewness (Different Folder),Overlap Percentage,Separation Ratio,Median (Same Folder),Median (Different Folder),Suggested Threshold,False Positive Rate,False Negative Rate
ArcFace,canberra,288.57027485723876,361.6158679335201,17.767432311919205,10.166145018549868,251.17820526307023,315.5867641692955,339.27261733128455,380.24910217278995,73.04559307628136,64.4085589062253,40.976484841505396,2.6149745237465707,-0.6707035813908626,-0.4205893558805016,-0.5056679872520468,-0.34223154807527256,0.493020803687887,0.6931305475484446,292.7435375919607,360.9422984296024,325.0930713953794,0.0,0.0
ArcFace,manhattan,67.73909114598646,99.41941334981703,6.7070386233439745,6.071995081884171,53.53604758018628,78.70775975938886,85.79562870250084,109.11208613630151,31.68032220383057,25.171712179202586,23.31645743380068,2.479085894488998,-0.915965701901746,-0.17276210013842164,-0.286335034613652,-0.6224816629613764,1.7993389810099494,0.6533618912959489,68.13198211669805,100.06608228059486,83.57925224790175,0.0,0.0
ArcFace,hausdorff,3.7955143715524002,5.5356174853595475,0.38436850639843256,0.3129417976158638,3.01059263668153,4.442466110875929,4.87317379206664,6.1560622237806495,1.7401031138071472,1.4318734741943993,1.2828884317140092,2.4954501658582564,-0.9839694182274807,-0.23823542053398894,-0.18188410944700353,-0.21832195352457,1.3242318366870258,0.6409781682953435,3.7832595677177925,5.516811383735773,4.665565928455974,0.0,0.0
ArcFace,euclidean,3.795514371552401,5.535617485359544,0.3843685063984327,0.3129417976158639,3.01059263668153,4.442466110875932,4.8731737920666385,6.156062223780649,1.7401031138071428,1.431873474194402,1.2828884317140101,2.4954501658582497,-0.9839694182274767,-0.2382354205339876,-0.18188410944700784,-0.21832195352455763,1.324231836687062,0.6409781682953409,3.783259567717793,5.516811383735769,4.6655659284559725,0.0,0.0
ArcFace,minkowski,1.585255743301024,2.300271276952701,0.165859326996357,0.122832108627841,1.2564025162876338,1.8758764624771578,2.064155333681731,2.567607830079433,0.7150155336516772,0.619473946189524,0.5034524963977018,2.4767466069982196,-0.9370964402891264,-0.33071151414030453,-0.04482084100209837,-0.0028908493935364383,1.3087810955283097,0.6367429838095889,1.5563916846109875,2.3051722467795592,1.9427635101268625,0.0,0.0
ArcFace,correlation,0.42859747753925814,0.9077174969100001,0.08655409387161783,0.06362589699041747,0.2604337698655602,0.5692158927878506,0.7842940360511023,0.9917217493660014,0.479120019370742,0.30878212292229035,0.20742771331489918,3.1903052904756897,-0.8362940273533592,-0.9357023019259496,-0.09689643569885474,-0.527506276670669,0.02208788317513976,0.9281497285351893,0.43348428860959204,0.9247425148469178,0.6681574872246292,0.0,0.0
ArcFace,cosine,0.4287427963103957,0.9078335851714803,0.0865953713356491,0.06364022460376566,0.2603537171605772,0.5693590474795565,0.784335754502712,0.9918661821643711,0.4790907888610846,0.30900533031897925,0.20753042766165908,3.188929932785614,-0.8360435502990602,-0.9358431167113634,-0.09904061537875489,-0.5277418791912031,0.02215949222391972,0.927507498675518,0.43359259880313733,0.924887257938776,0.6682881907409379,0.0,0.0
ArcFace,braycurtis,0.5261884185773191,0.9189445797327898,0.06645185278428371,0.06027994607294961,0.40828387124171256,0.6337836046631344,0.8040569491356975,1.0173815352292783,0.39275616115547063,0.22549973342142188,0.21332458609358085,3.0991129668878186,-1.0054320088115711,-1.0624198271415954,-0.1830993765623353,-0.37154717100728757,0.028149125683615297,0.8950191310945402,0.5338345172433482,0.9396470909016611,0.7225664991550544,0.0,0.0
ArcFace,chebyshev,0.5842424707952887,0.853850566521287,0.0869423230456815,0.08581706384666615,0.4236488491296768,0.7684237957000732,0.70583376288414,1.0131069123744965,0.2696080957259983,0.3447749465703964,0.30727314949035645,1.5605988223030707,-0.6654147136105579,-0.9517289181469888,0.0008195951270952794,0.21934120613032917,14.430892495658403,0.41347884819355146,0.5966730713844299,0.8430343270301819,0.7190465186582878,5.0,4.0
ArcFace,hamming,4.4,4.64,2.4166091947189146,2.5436980952935433,1.0,10.0,0.0,10.0,0.23999999999999932,9.0,10.0,0.04838409920353877,-0.2027115781572535,-0.18075868708303533,0.866435342964876,0.5805235144043672,86.11735510846059,0.012631578947368386,3.5,4.0,4.52,40.0,56.00000000000001
ArcFace,mse,0.028425133776116766,0.060041002954908954,0.005653494822941686,0.0067298002328824175,0.017702476609455182,0.03854590848883033,0.04638246642126004,0.07401777754503738,0.03161586917879219,0.020843431879375145,0.027635311123777345,2.5531063449806624,-1.0691329302873074,-0.2872625457684457,-0.033815741852024864,-0.07234478459844296,1.1974020179952234,0.6521594253534226,0.02796656164956366,0.059443765319758944,0.044233068365512856,0.0,0.0
ArcFace,jensenshannon,inf,inf,,,inf,inf,inf,inf,,,,,,,,,100.0,,inf,inf,inf,0.0,100.0
Facenet,manhattan,72.75135013293475,127.11623128827661,8.898486619172559,6.451169683637945,58.63925925642252,86.39025299437344,113.50806236080825,141.67183576524258,54.36488115534186,27.75099373795092,28.163773404434323,3.5417653713450066,-1.336440400204213,-0.14394756017504928,-0.12210519194830544,0.38948432827361507,0.0010654670037941972,0.9722812761949514,74.20052939001471,127.31787503696978,99.93379071060568,0.0,0.0
Facenet,canberra,59.02848091316032,83.2424320917857,6.2811826171387395,3.0351545416070738,48.419874031564255,68.34949463226914,76.83933631253743,89.12081291278241,24.21395117862538,19.929620600704887,12.281476600244986,2.599084894205902,-1.3886770878308223,-0.5676889754947636,0.0353833892357357,0.06677084123192373,0.43002030364890576,0.7517269910914843,57.72067861132378,83.06149418632856,71.135456502473,0.0,0.0
Facenet,hamming,24.4,45.8,4.3977266854592045,3.3823069050575527,17.0,36.0,39.0,53.0,21.4,19.0,14.0,2.7506307975437148,0.5019746783461261,-0.28478165191451854,0.4823870520640833,0.07939299302790724,2.1128438424843177,0.6484848484848484,24.0,45.0,35.099999999999994,5.0,0.0
Facenet,euclidean,8.053155434408733,14.073068651532274,0.9215918008943231,0.5450520928893589,6.458594241429656,9.404475097546964,13.008964045003706,15.43374865122835,6.019913217123541,2.9458808561173075,2.4247846062246445,4.104550015609603,-1.1937001358401955,0.0673320994253106,-0.11440572200669225,0.3939749271895104,1.6502505215599806e-06,1.1208877669506667,8.149106348607864,13.997656926009437,11.063112042970504,0.0,0.0
Facenet,hausdorff,8.053155434408733,14.073068651532271,0.9215918008943232,0.5450520928893593,6.458594241429656,9.404475097546964,13.0089640450037,15.433748651228347,6.019913217123538,2.9458808561173075,2.424784606224648,4.1045500156095995,-1.193700135840196,0.06733209942531415,-0.11440572200669469,0.3939749271895171,1.6502505215600822e-06,1.1208877669506654,8.149106348607862,13.997656926009437,11.063112042970502,0.0,0.0
Facenet,minkowski,4.175150101290148,7.285544133403297,0.4655136551488794,0.2900085582937866,3.2997603320560684,4.953109180916835,6.652879888005395,7.919951141219423,3.110394032113149,1.6533488488607664,1.267071253214028,4.116879658561073,-1.0361671005250035,-0.2772540954824252,-0.05188873879465604,-0.019169321648537616,1.0691998209687399e-05,1.0650502062711418,4.13581056397091,7.294789429749354,5.730347117346723,0.0,0.0
Facenet,chebyshev,1.9469707943499088,3.3241221070289613,0.30972020006027573,0.3828895294706747,1.412746787071228,2.6959840655326843,2.815418064594269,4.213094711303711,1.3771513126790524,1.2832372784614563,1.3976766467094421,1.9883510929187893,0.09095612220782145,-0.47027059972267393,0.704854113710612,0.6766780116242721,6.694532749713666,0.513687254092376,1.9440191686153412,3.270694613456726,2.635546450689435,5.0,0.0
Facenet,mse,0.5133019054548638,1.5495964301148712,0.11535675170968224,0.12080946422943085,0.32588624668303384,0.6909699364092265,1.3221339494078057,1.8609421674163515,1.0362945246600075,0.3650836897261927,0.5388082180085458,4.387988013184657,-1.234216505472909,0.20154022647948366,0.021131334565809363,0.5046547757095561,9.442075127354212e-08,1.1464805866633831,0.5190364492392403,1.5307374954551562,1.0314491677848676,0.0,0.0
Facenet,cosine,0.23814165356569356,0.7174789267702762,0.05588311986997133,0.05346609617197433,0.15009024356589618,0.32793781170969727,0.6240243790792258,0.8558437393694742,0.4793372732045827,0.1778475681438011,0.2318193602902484,4.383545585006407,-1.3064285063049978,-0.041715555032917795,0.015826807391841426,0.5329912875936386,5.2644435767916e-08,1.1700658264918964,0.2386581243700035,0.7025302705035267,0.47781029016798493,0.0,0.0
Facenet,correlation,0.23878126971310873,0.7041230746477075,0.055466866459928266,0.05137741001583513,0.15234089711706833,0.3257731691676764,0.6169658526659854,0.8331845338231986,0.46534180493459876,0.17343227205060807,0.2162186811572132,4.355327400622691,-1.3432209663061618,-0.31028342634802364,0.03473770318864037,0.5236622189991299,4.479936733856709e-08,1.1942529617947772,0.23760582585265755,0.6947056704097467,0.47145217218040814,0.0,0.0
Facenet,braycurtis,0.362285145120432,0.7566361393339227,0.05379442617364976,0.053059382363295216,0.27448867874811794,0.4537049313464425,0.6510362051798098,0.8765205406689313,0.39435099421349074,0.17921625259832458,0.2254843354891215,3.6905656392878394,-1.367230649522497,-0.08099637647360236,-0.05980291425574819,0.5259246014663268,0.0004289962761477641,0.9744265410562758,0.3633786816992678,0.7579303225767843,0.5594606422271773,0.0,0.0
Facenet,jensenshannon,inf,inf,,,inf,inf,inf,inf,,,,,,,,,100.0,,inf,inf,inf,0.0,100.0
Facenet512,manhattan,264.5753839904326,489.4823289743322,36.96684446146786,21.906038946830524,190.2341361772269,335.82613429258345,445.34684021305293,538.6548955139588,224.90694498389956,145.59199811535655,93.30805530090583,3.820212837616817,-0.37380977406666727,-0.31945220726345624,0.13811980393057632,0.19052818192399693,0.0005880199843789408,0.9414269346856066,265.15129738510586,491.9211050616577,377.02885648238237,0.0,0.0
Facenet512,canberra,239.150981315887,342.4941323478894,19.79762637004301,8.196725353557511,197.96168662792672,274.51702808325206,326.9047037450614,360.1085160836244,103.34315103200237,76.55534145532533,33.20381233856301,3.6915715017211617,-0.7106626501605451,-0.30008766618118754,-0.20069435724006507,0.05996141401625176,0.0004119814827616984,0.941544713674321,241.9489027257734,342.80259338105384,290.82255683188816,0.0,0.0
Facenet512,hamming,100.9,185.16,17.172361514946044,9.272238133266422,64.0,130.0,165.0,203.0,84.25999999999999,66.0,38.0,3.186283820549183,-0.3736170735686062,-0.13147825460317453,-0.5195801707981366,-0.3143999414986968,0.027189975752963357,0.8101923076923077,103.0,186.0,143.03,0.0,0.0
Facenet512,hausdorff,14.59202790291452,27.05008769463164,2.020630314935437,1.15549021666834,10.470301099202944,18.52851683932539,24.845530857931216,29.758814933326352,12.458059791717119,8.058215740122447,4.913284075395136,3.9224140481301073,-0.3582689426590795,-0.3826992929295705,0.07250792680763377,0.29058371426169777,0.0001614009523157722,0.9604178367110452,14.629868304754536,27.04010880509967,20.82105779877308,0.0,0.0
Facenet512,euclidean,14.59202790291452,27.050087694631635,2.0206303149354348,1.155490216668341,10.470301099202949,18.528516839325395,24.8455308579312,29.758814933326356,12.458059791717115,8.058215740122446,4.913284075395154,3.9224140481301077,-0.3582689426590808,-0.3826992929295612,0.07250792680763453,0.29058371426169227,0.00016140095231577232,0.9604178367110436,14.629868304754538,27.040108805099674,20.821057798773076,0.0,0.0
Facenet512,minkowski,5.996196878308931,11.144527251256388,0.8435804649420621,0.4573540219797769,4.252449164090746,7.606244543512114,10.340683126107267,12.224440839148896,5.148330372947457,3.353795379421368,1.8837577130416285,3.9574094043190446,-0.35349600495382294,-0.4829566305440687,0.02897608325284334,0.35111607002576817,6.161911309118768e-05,0.9829648085775143,6.013089022030941,11.144395870468983,8.57036206478266,0.0,0.0
Facenet512,chebyshev,2.032606003805995,3.696932439804077,0.42426390542805725,0.2581926012620329,1.2363759726285934,3.082332134246826,3.1645772457122803,4.268760323524475,1.664326435998082,1.8459561616182327,1.1041830778121948,2.4387289441638633,0.14397452965948965,-0.22683512021587093,0.41472846176584116,0.3809529899562137,3.578161521181702,0.5641518250234885,1.9993379712104797,3.6863121390342712,2.864769221805036,5.0,0.0
Facenet512,mse,0.4238480960724066,1.431723441265777,0.11620301377641155,0.12289436721299202,0.21411563497650504,0.6705194067678999,1.2056648508054917,1.729662238742124,1.0078753451933706,0.45640377179139485,0.5239973879366324,4.215334107896556,-0.25642405636310084,-0.2817806250810988,0.4058590444384279,0.38867217833445883,1.1024999902087384e-05,1.0280234118378286,0.4180379199733231,1.4280614925617756,0.9277857686690918,0.0,0.0
Facenet512,cosine,0.23264202444278878,0.7894131672878733,0.0607001232202942,0.05098640871875504,0.12586179363992156,0.35168353887086456,0.7143847412563835,0.9149494718783916,0.5567711428450844,0.225821745230943,0.20056473062200808,4.985123391143809,-0.5187988383838196,-0.40736297698191004,0.2453409116822954,0.4869658181857549,4.68906358854226e-11,1.3057898746232734,0.2316007394683927,0.7802905358465231,0.511027595865331,0.0,0.0
Facenet512,correlation,0.23239329138050285,0.7890854905784681,0.06062825882162849,0.05114341010012375,0.12601686016155866,0.351679482826748,0.7139522758433613,0.914959713377807,0.5566921991979652,0.22566262266518933,0.20100743753444572,4.980619906352902,-0.515798455761936,-0.4092992292152102,0.24948021394642725,0.48719599549039144,5.059213758567932e-11,1.3047369645235805,0.23148337841300826,0.7793143102762246,0.5107393909794855,0.0,0.0
Facenet512,braycurtis,0.36253884718040513,0.8076960509147397,0.05528126323424545,0.045253605161780786,0.25834563298427665,0.4714207564992775,0.739649852042751,0.9125645938801988,0.4451572037343346,0.21307512351500085,0.17291474183744782,4.427888660288234,-0.576849856623475,-0.5197824400492239,0.10184236093196254,0.32946504504995017,1.0917062871760231e-07,1.1532872847007525,0.3649766225069021,0.8143986100750037,0.5851174490475725,0.0,0.0
Facenet512,jensenshannon,inf,inf,,,inf,inf,inf,inf,,,,,,,,,100.0,,inf,inf,inf,0.0,100.0
OpenFace,canberra,67.39693985291102,82.08178035093597,10.547113896239948,7.8140613224028135,44.26502819028502,87.16843407332844,66.66571111568798,97.42406753000091,14.684840498024954,42.90340588304342,30.758356414312928,0.799776720343854,-0.5234950019938878,-0.36496417179698293,-0.058504990376560304,-0.33563642391132165,48.487289237802166,0.19935499830625122,65.09627804970329,82.91768425678504,74.7393601019235,30.0,16.0
OpenFace,manhattan,7.699451643736029,10.576722201532466,1.940969570326352,1.6408685045604612,3.993886812706478,12.01665810862869,7.558085835771635,13.830949368595611,2.877270557796437,8.022771295922212,6.272863532823976,0.8032944252755924,-0.12905665657502396,-0.5684422958708364,0.39977783035622977,-0.08976158245984445,46.211168602388284,0.20126917008335407,7.33605413386249,10.77136870258255,9.138086922634248,15.0,24.0
OpenFace,euclidean,0.8414190864560315,1.1649019116655641,0.20866409459397428,0.18613286565086593,0.44650138897996217,1.297302228924592,0.8267970481003184,1.5288739015590835,0.32348282520953264,0.8508008399446297,0.7020768534587651,0.8193650351535613,-0.14475766759766096,-0.660370426137912,0.3697350956501501,-0.09819179699880724,45.95840742356535,0.20831185004697,0.8089289770889255,1.1935755808554696,1.0031604990607979,15.0,24.0
OpenFace,hausdorff,0.8414190864560315,1.1649019116655641,0.20866409459397434,0.18613286565086598,0.44650138897996217,1.2973022289245923,0.8267970481003187,1.5288739015590835,0.32348282520953264,0.8508008399446302,0.7020768534587648,0.8193650351535611,-0.1447576675976583,-0.6603704261379133,0.3697350956501516,-0.09819179699880698,45.95840742356535,0.20831185004696998,0.8089289770889254,1.1935755808554698,1.0031604990607979,15.0,24.0
OpenFace,cosine,0.3757633999543587,0.6958209701269792,0.18582783541823786,0.21605118716955657,0.09968174981598454,0.8414965272628829,0.3417966850745989,1.168727677976428,0.3200575701726205,0.7418147774468984,0.826930992901829,0.7964027784075263,0.4263235353195598,-0.45741897810224463,0.9531640685603415,0.2314299063970773,45.13035547610378,0.20402131194366355,0.32734800234357,0.7123113642258776,0.535792185040669,15.0,28.000000000000004
OpenFace,correlation,0.37518273886343023,0.6936849217727845,0.1861817522477363,0.21642029101951019,0.10013203009612137,0.8437744507354439,0.3396332760240899,1.170408341801044,0.3185021829093543,0.7436424206393225,0.8307750657769541,0.7911092063135237,0.45871270392697117,-0.4312580977229268,0.9690383507376843,0.24971050968645536,45.24348020384794,0.20229842824874608,0.3262563839389337,0.7075907258121461,0.5344338303181073,15.0,28.000000000000004
OpenFace,braycurtis,0.4788706709863105,0.7410934444345609,0.15391223561837555,0.186272261707128,0.22602182374155871,0.8543461763686014,0.4550515875989732,1.2101322282693134,0.26222277344825046,0.6283243526270428,0.7550806406703403,0.7708251713697116,0.20049809803154295,0.20832498298942514,0.8059568642589162,0.5873723019294258,46.48561245375421,0.18954881232807713,0.43679682077384946,0.7464626591665265,0.6099820577104357,15.0,28.000000000000004
OpenFace,minkowski,0.4334702215458502,0.6051670669777411,0.10732351615255153,0.09945405020906475,0.23438473320641212,0.6674099295724186,0.4254755608115996,0.79227944496767,0.17169684543189095,0.4330251963660065,0.3668038841560704,0.8303456146283512,-0.20656884318775948,-0.7465933089338659,0.33125675224274337,-0.18327953292848106,45.6407311743068,0.2146669202372816,0.42221182369248383,0.6213067005600086,0.5193186442617956,15.0,24.0
OpenFace,chebyshev,0.20179438304039649,0.2950298566091806,0.05500865871648988,0.051439242949457134,0.10808026418089867,0.3345946744084358,0.182992085814476,0.37051285803318024,0.09323547356878409,0.22651441022753716,0.18752077221870422,0.8758789239582576,-0.18765844357694084,-0.6066659189924426,0.24626843999913434,-0.6853012301319821,39.965197036437125,0.22518732108204317,0.21472204104065895,0.3068138360977173,0.24841211982478853,20.0,24.0
OpenFace,mse,0.005871302995509576,0.010872202402167883,0.002903559881967338,0.0033757997584786684,0.00155752726844559,0.013148383384161837,0.005340573115214067,0.018261370366160115,0.005000899406658307,0.011590856115716247,0.012920797250946048,0.7964027692325497,0.42632353993822036,-0.45741881466365175,0.9531640491363476,0.23142995442290823,45.13035635202022,0.20402130088294693,0.0051148121674988375,0.011129864587613062,0.00837175269883873,15.0,28.000000000000004
OpenFace,hamming,0.0,0.0,0.0,0.0,0.0,0.0,0.0,0.0,0.0,0.0,0.0,,,,,,100.0,,0.0,0.0,0.0,0.0,100.0
OpenFace,jensenshannon,inf,inf,,,inf,inf,inf,inf,,,,,,,,,100.0,,inf,inf,inf,0.0,100.0
VGG-Face,manhattan,19.36685759340209,28.89899604566075,3.9236091320548994,2.5875290645236917,14.683127330477928,26.568410303878487,24.290602263555485,33.779404821181586,9.532138452258657,11.885282973400559,9.488802557626101,1.46397421840432,-1.1418640233233794,-1.2069806336794566,0.449055858856073,0.16798048347758723,20.59976325378427,0.4459670772076676,18.973559293846133,28.287586194860697,24.13292681953142,20.0,0.0
VGG-Face,correlation,0.46688058611090943,0.8713099052694022,0.11555705317174471,0.07233220033178357,0.3119101090951931,0.6756445578340708,0.7224507876806814,0.9924130042932153,0.4044293191584928,0.3637344487388777,0.26996221661253395,2.152487764026899,-0.8664235268147258,-0.793422525965715,0.5595862981504562,-0.2637822813520318,6.34332512596929,0.6382064815414794,0.4342303854228414,0.8842067505283212,0.6690952456901558,10.0,0.0
VGG-Face,cosine,0.433045420396053,0.8099004273810486,0.10352268878468132,0.06479772627038133,0.2906327107926807,0.6232321337266357,0.6771526997565356,0.922805164289195,0.37685500698499563,0.33259942293395495,0.24565246453265943,2.2389144350773793,-0.8509545279808175,-0.6992184283033294,0.5548872073413812,-0.2531942213176708,5.069238406181022,0.6517142704644496,0.4027871784815986,0.8254008316083508,0.6214729238885508,5.0,0.0
VGG-Face,euclidean,0.9242068641001866,1.2716804114439832,0.10923604323759599,0.05128143827701812,0.7624076479058705,1.1164516413411163,1.1637462779803298,1.3585324171982025,0.34747354734379665,0.35404399343524584,0.1947861392178727,2.1647084421279144,-0.9587022616023035,-0.64481466434269,0.40478015671466866,-0.3289336668355244,5.610191629804332,0.6331167453653882,0.8975008789345476,1.2848352669570926,1.0979436377720848,15.0,0.0
VGG-Face,hausdorff,0.9242068641001868,1.2716804114439832,0.10923604323759613,0.05128143827701783,0.7624076479058702,1.1164516413411159,1.1637462779803307,1.3585324171982025,0.34747354734379643,0.3540439934352456,0.1947861392178718,2.1647084421279152,-0.9587022616023084,-0.6448146643426926,0.404780156714663,-0.3289336668355227,5.610191629804281,0.6331167453653891,0.8975008789345478,1.2848352669570933,1.097943637772085,15.0,0.0
VGG-Face,braycurtis,0.5647219495847983,0.8472513847122203,0.07667435364155727,0.0434413346375259,0.4507947980340044,0.7068231322550668,0.756207073902041,0.9220055278698019,0.282529435127422,0.25602833422106236,0.16579845396776094,2.352144329981094,-0.8853632142835091,-0.8495001233753898,0.47683186097400493,-0.23934731886192226,3.1779250229582097,0.6697759436770353,0.5484361780355229,0.8599999184168496,0.7059866671485093,5.0,0.0
VGG-Face,jensenshannon,0.5504156153675931,0.7400376538725421,0.05380754839865078,0.02563297464163421,0.4669556480166543,0.6458937632013937,0.6853456090949517,0.7847806037890267,0.18962203850494896,0.1789381151847394,0.09943499469407502,2.3869686558935412,-0.9574870465980352,-0.6820709296613194,0.4100868805374667,-0.3111123192256192,2.8062867736830266,0.6811794378684711,0.5397864714948778,0.7479220190405588,0.6452266346200676,5.0,0.0
VGG-Face,minkowski,0.3691389747427979,0.496789193848543,0.03684130183224876,0.01840704881728066,0.3102759248122157,0.4350773439824233,0.4592006785717622,0.5319820407803963,0.1276502191057451,0.1248014191702076,0.07278136220863413,2.310480179136938,-1.0293854820835917,-0.6409203345717773,0.2829275683053904,0.09098932793032852,2.7257468518573464,0.6460594299509876,0.36911318917651514,0.4935348424265327,0.43296408429567046,5.0,0.0
VGG-Face,chebyshev,0.12629358361711415,0.17435439663915642,0.017898910338780317,0.02703661058059312,0.09640596092710163,0.16218562809213125,0.1465785836080667,0.23292371761318467,0.048060813022042265,0.06577966716502961,0.08634513400511798,1.0695505924650668,-0.4550712528103249,0.08864765964589028,0.5043261778952987,1.1919958460875921,29.446347095840824,0.3159301616327998,0.12311737369331005,0.16003393106753663,0.1503239901281353,15.0,12.0
VGG-Face,mse,0.0002114479591777604,0.0003954591930571529,5.054818788314524e-05,3.163951478045968e-05,0.00014191050331673874,0.000304312565296209,0.000330640966677996,0.0004505884591255838,0.0001840112338793925,0.00016240206197947024,0.00011994749244758778,2.238914435077378,-0.8509545279808175,-0.6992184283033285,0.5548872073413812,-0.25319422131767344,5.069238406181042,0.6517142704644495,0.0001966734269929684,0.0004030277498087653,0.00030345357611745666,5.0,0.0
VGG-Face,hamming,0.0,0.0,0.0,0.0,0.0,0.0,0.0,0.0,0.0,0.0,0.0,,,,,,100.0,,0.0,0.0,0.0,0.0,100.0
VGG-Face,canberra,,,,,,,,,,,,,,,,,100.0,,,,,0.0,0.0
SFace,manhattan,81.83010044293478,106.80409070979803,13.528278010176841,6.3982651151171765,60.127187700010836,104.26352325454354,93.15918933227658,121.64537366107106,24.973990266863254,44.13633555453271,28.48618432879448,1.2533026983070734,-1.1863519368879742,-0.21987246925260173,-0.00921980885831341,0.10343282238896087,25.5263651546091,0.3438876853486439,84.29521315032616,106.91086777020246,94.3170955763664,15.0,4.0
SFace,canberra,74.92225582090411,88.18506132188523,9.877505620487288,3.4879576367719434,59.67452938857834,90.33795042206484,81.47480130092792,95.22267258076305,13.262805500981116,30.663421033486493,13.747871279835124,0.9923191770983054,-1.310038148443595,-0.5096492003005539,0.02428126204832497,-0.22319271912042718,34.29499520827377,0.2986358831310748,74.6396796925857,88.41915844150728,81.55365857139466,35.0,8.0
SFace,hamming,38.6,49.88,9.107140056021978,4.5017329996346955,25.0,54.0,41.0,61.0,11.280000000000001,29.0,20.0,0.8288709839431817,-1.2293993310349125,0.5315228638152409,0.33030152430739546,0.646904930515978,40.00386271109218,0.23020408163265307,37.5,50.0,44.24,30.0,12.0
SFace,euclidean,9.075041631893473,11.678777761187025,1.383182543762492,0.7383003981569909,6.833686012466215,11.36961848741482,10.225814317274484,13.343195971714152,2.6037361292935515,4.535932474948606,3.1173816544396686,1.2273189087901566,-1.211218430454088,-0.44967288951416196,-0.08533273590478835,0.21285449495045833,26.58409673727082,0.34021027822382965,9.531110674431272,11.645551311928584,10.376909696540249,15.0,4.0
SFace,hausdorff,9.075041631893473,11.678777761187025,1.383182543762493,0.7383003981569911,6.833686012466213,11.369618487414822,10.225814317274484,13.343195971714149,2.6037361292935515,4.535932474948609,3.117381654439665,1.2273189087901561,-1.211218430454088,-0.4496728895141717,-0.08533273590478851,0.2128544949504536,26.58409673727085,0.34021027822382965,9.531110674431268,11.645551311928585,10.376909696540249,15.0,4.0
SFace,minkowski,4.712178255614388,6.005175684231972,0.680085207766784,0.4135743734594992,3.618039613531117,5.820952107487886,5.333059843320586,6.83239923463309,1.2929974286175838,2.2029124939567692,1.4993393913125042,1.1822668139274104,-1.243119748805688,-0.8351134988961055,-0.09399546408168488,0.27633152329306954,29.186185672024607,0.34924620708878135,4.919587343701569,5.930233577533377,5.35867696992318,15.0,8.0
SFace,chebyshev,2.175906128063798,2.804932970404625,0.2631777549347969,0.3805872554207367,1.6817142218351364,2.869432806968689,2.1522938013076782,3.527100682258606,0.629026842340827,1.1877185851335526,1.3748068809509277,0.9771062922376488,0.6198892730438126,-0.9135312193574929,0.3255064567684668,0.3926434639878124,34.54323124883705,0.24547145020259067,2.2051080465316772,2.661304235458374,2.4904195492342116,5.0,20.0
SFace,mse,0.6583560513278832,1.0698354490087143,0.19530389889408836,0.13573274054178577,0.3648380040388781,1.0099080042919133,0.8169318629013735,1.3909443651528814,0.4114793976808311,0.6450700002530352,0.5740125022515079,1.2430025823789204,-1.1633434270104213,-0.37254159566127365,0.09622081405513107,0.3543165908846232,26.430891519284778,0.33753203481755134,0.7098516439505707,1.0595223856153249,0.8640957501682988,15.0,4.0
SFace,correlation,0.5516233065778903,0.8785237010273406,0.1956382609133632,0.08425531876831671,0.2800282753962955,0.9348828925659307,0.6872123264566812,1.1264328365756195,0.3269003944494503,0.6548546171696352,0.43922051011893837,1.1679453127193224,-0.9424295336247925,1.4459746926781776,0.4372054668446211,0.5563687458944883,27.077823477952407,0.2987915420941902,0.5170731991409039,0.8523146891816993,0.7150735038026155,25.0,4.0
SFace,cosine,0.5483264179218403,0.868807127215662,0.19645136485267406,0.08826719587448875,0.2642592946453278,0.9356640454129439,0.6782006940038319,1.1256061442455434,0.32048070929382166,0.6714047507676161,0.4474054502417115,1.1256052590155112,-0.8994435299828965,1.2382794912722197,0.45191771793608343,0.5487047795693991,28.968117616387033,0.28644778980804964,0.5066664966757728,0.8551588463327153,0.7085667725687512,30.0,4.0
SFace,braycurtis,0.606296693525321,0.8741728742090463,0.1672091975716709,0.07990254993673794,0.37431350294853627,0.9270840647570896,0.7090426364413199,1.1087045609202208,0.2678761806837253,0.5527705618085533,0.3996619244789009,1.0840285149721984,-0.9239816327186015,1.4222214393619819,0.46252740491026817,0.7384827343341464,30.31079992785241,0.28125477085299405,0.5729215376038292,0.8468211830100656,0.7402347838671837,30.0,4.0
SFace,jensenshannon,inf,inf,,,inf,inf,inf,inf,,,,,,,,,100.0,,inf,inf,inf,0.0,100.0
